Iteration,ExecutionTime
1,14.3146643638611
2,6.2299370765686
3,5.74185609817505
4,5.50790667533875
5,5.05128383636475
